transcript_Id,Interviewer,Child,Sentiment (window size 7 / 0.6 threshold)
NA0098-PC,YOUR COUSIN,He's 12 and he has blond hair and he's my only cousin,"{'sequence': ""He's 12 and he has blond hair and he's my only cousin"", 'labels': ['enjoyment', 'fear', 'anger', 'sadness'], 'scores': [0.4626696705818176, 0.24676692485809326, 0.16518528759479523, 0.12537814676761627]}"
NA0098-PC,OKAY WHAT SORT OF THINGS DO YOU LIKE TO DO WITH YOUR COUSIN,Sometimes I stay at his house,"{'sequence': ""He's 12 and he has blond hair and he's my only cousin. Sometimes I stay at his house"", 'labels': ['enjoyment', 'fear', 'anger', 'sadness'], 'scores': [0.4906177222728729, 0.24414746463298798, 0.1572251170873642, 0.1080097034573555]}"
NA0098-PC,OKAY,And sometimes we play on the computer,"{'sequence': 'And sometimes we play on the computer', 'labels': ['enjoyment', 'anger', 'fear', 'sadness'], 'scores': [0.8149431347846985, 0.07690335065126419, 0.05942869931459427, 0.04872487112879753]}"
NA0098-PC,OKAY TELL ME ALL ABOUT STAYING AT YOUR COUSIN‚ÄôS HOUSE,He has a single bed and I stay on the blow-up mattress,"{'sequence': 'And sometimes we play on the computer. He has a single bed and I stay on the blow-up mattress', 'labels': ['enjoyment', 'anger', 'fear', 'sadness'], 'scores': [0.8059354424476624, 0.07388666272163391, 0.07042570412158966, 0.04975225776433945]}"
NA0098-PC,OKAY AND YOU STAY ON THE BLOW-UP MATTRESS OKAY TELL ME ABOUT THE LAST TIME YU STAYED AT YOUR COUSIN‚ÄôS HOUSE,He woke me up in the middle of the night,"{'sequence': 'And sometimes we play on the computer. He has a single bed and I stay on the blow-up mattress. He woke me up in the middle of the night', 'labels': ['enjoyment', 'anger', 'fear', 'sadness'], 'scores': [0.7179617285728455, 0.11558354645967484, 0.10175635665655136, 0.06469830125570297]}"
NA0098-PC,SORRY HE WOKE YOU UP IN THE MIDDLE OF THE NIGHT,Yeah,"{'sequence': 'And sometimes we play on the computer. He has a single bed and I stay on the blow-up mattress. He woke me up in the middle of the night. Yeah', 'labels': ['enjoyment', 'anger', 'fear', 'sadness'], 'scores': [0.6427008509635925, 0.15113739669322968, 0.12471923977136612, 0.0814424604177475]}"
NA0098-PC,YEAH OKAY AND WHAT HAPPENED,And then he pulled my pants down,"{'sequence': 'And sometimes we play on the computer. He has a single bed and I stay on the blow-up mattress. He woke me up in the middle of the night. Yeah. And then he pulled my pants down', 'labels': ['enjoyment', 'anger', 'fear', 'sadness'], 'scores': [0.3832191824913025, 0.27770042419433594, 0.22119298577308655, 0.11788743734359741]}"
NA0020-PC,OKAY AND WHAT HAPPENED NEXT,And then he showed me some rude people on the computer,"{'sequence': 'And then he showed me some rude people on the computer', 'labels': ['anger', 'fear', 'enjoyment', 'sadness'], 'scores': [0.763827919960022, 0.1010664626955986, 0.08773700147867203, 0.047368600964546204]}"
NA0020-PC,ON THE COMPUTER YEAH,Yeah,"{'sequence': 'And then he showed me some rude people on the computer. Yeah', 'labels': ['anger', 'fear', 'enjoyment', 'sadness'], 'scores': [0.7514755129814148, 0.10771740227937698, 0.08706006407737732, 0.053747035562992096]}"
NA0020-PC,OKAY AND THIS IS IN THE LOUNGE ROOM OF HIS HOUSE,Yeah,"{'sequence': 'And then he showed me some rude people on the computer. Yeah. Yeah', 'labels': ['anger', 'fear', 'enjoyment', 'sadness'], 'scores': [0.7556206583976746, 0.10240752249956131, 0.089764304459095, 0.05220746621489525]}"
NA0020-PC,OKAY WHEN YOU SAY SOME RUDE PEOPLE WHAT WERE THE PICTURES,Naked people,"{'sequence': 'And then he showed me some rude people on the computer. Yeah. Yeah. Naked people', 'labels': ['anger', 'fear', 'enjoyment', 'sadness'], 'scores': [0.6698749661445618, 0.13112583756446838, 0.10648000240325928, 0.09251919388771057]}"
NA0020-PC,NAKED AND WHAT WERE THEY DOING,Touching each other's privates,"{'sequence': ""And then he showed me some rude people on the computer. Yeah. Yeah. Naked people. Touching each other's privates"", 'labels': ['anger', 'fear', 'enjoyment', 'sadness'], 'scores': [0.512275755405426, 0.17584228515625, 0.16783829033374786, 0.14404363930225372]}"
NA0020-PC,OKAY SO LET ME JUST GO OVER WHAT YOU TOLD ME YOU SAID THAT YOU WERE IN HIS LOUNGE ROOM AND YOU WERE HE WAS ON HIS COMPUTER AND WHERE WERE YOU SITTING,I wasn't sitting,"{'sequence': ""And then he showed me some rude people on the computer. Yeah. Yeah. Naked people. Touching each other's privates. I wasn't sitting"", 'labels': ['anger', 'fear', 'enjoyment', 'sadness'], 'scores': [0.5447717905044556, 0.17460878193378448, 0.17057546973228455, 0.11004390567541122]}"
NA0020-PC,OKAY SO WHERE WERE YOU WHEN HE WAS ON HIS COMPUTER WHERE WERE YOU,Standing next to him,"{'sequence': ""And then he showed me some rude people on the computer. Yeah. Yeah. Naked people. Touching each other's privates. I wasn't sitting. Standing next to him"", 'labels': ['anger', 'fear', 'enjoyment', 'sadness'], 'scores': [0.4663292169570923, 0.21627208590507507, 0.1809968203306198, 0.13640186190605164]}"
NA0016-M6,HM-HM,And he was angry because his dinner was cold,"{'sequence': 'And he was angry because his dinner was cold', 'labels': ['anger', 'fear', 'enjoyment', 'sadness'], 'scores': [0.9870399236679077, 0.004557368811219931, 0.004499323666095734, 0.0039034290239214897]}"
NA0016-M6,WHAT HAPPENED THEN,Then he just was throwing his spaghetti at the wall and the plate smashed everywhere,"{'sequence': 'Then he just was throwing his spaghetti at the wall and the plate smashed everywhere', 'labels': ['anger', 'fear', 'enjoyment', 'sadness'], 'scores': [0.8094577789306641, 0.0716114193201065, 0.0660397931933403, 0.05289097875356674]}"
NA0016-M6,THE PLATE SMASHED EVERYWHERE,Yeah and it made this big red mark on the wall,"{'sequence': 'Then he just was throwing his spaghetti at the wall and the plate smashed everywhere. Yeah and it made this big red mark on the wall', 'labels': ['anger', 'enjoyment', 'fear', 'sadness'], 'scores': [0.7895649075508118, 0.10799150913953781, 0.06496980041265488, 0.03747376427054405]}"
NA0016-M6,HM WHAT ELSE HAPPENED,Then that was when he was just being nasty and saying mean things,"{'sequence': 'Then that was when he was just being nasty and saying mean things', 'labels': ['anger', 'fear', 'sadness', 'enjoyment'], 'scores': [0.8225491046905518, 0.08985552936792374, 0.044567737728357315, 0.04302767664194107]}"
NA0016-M6,HM-HM,And that was the part where he hurt Mum,"{'sequence': 'Then that was when he was just being nasty and saying mean things. And that was the part where he hurt Mum', 'labels': ['anger', 'fear', 'sadness', 'enjoyment'], 'scores': [0.5954167246818542, 0.19386659562587738, 0.16576071083545685, 0.044956009835004807]}"
NA0016-M6,TELL ME MORE ABOUT THE PART WHERE HE‚ÄôS HURT YOUR MUM,He just hurt her and she fell down on the ground,"{'sequence': 'Then that was when he was just being nasty and saying mean things. And that was the part where he hurt Mum. He just hurt her and she fell down on the ground', 'labels': ['anger', 'sadness', 'fear', 'enjoyment'], 'scores': [0.5353582501411438, 0.20874275267124176, 0.20688310265541077, 0.04901594668626785]}"
NA0016-M6,HM-HM,And she wasn't moving,"{'sequence': ""Then that was when he was just being nasty and saying mean things. And that was the part where he hurt Mum. He just hurt her and she fell down on the ground. And she wasn't moving"", 'labels': ['anger', 'sadness', 'fear', 'enjoyment'], 'scores': [0.5320261120796204, 0.2379872351884842, 0.1774742156267166, 0.05251244455575943]}"
NA0072-PC ,OKAY YOU SAID THAT THAT HAPPENED MORE THAN ONE TIME DID IT HAPPEN MORE THAN ONE TIME ON DIFFERENT DAYS OR MORE THAN ONE TIME ON THE SAME DAY,On different days,"{'sequence': 'On different days', 'labels': ['enjoyment', 'anger', 'fear', 'sadness'], 'scores': [0.43951526284217834, 0.2064635008573532, 0.19040390849113464, 0.16361728310585022]}"
NA0072-PC ,OKAY TELL ME ABOUT ANOTHER TIME THAT YOU CAN REMEMBER,I woke up and his dirty spot was in his hand and then we heard a noise,"{'sequence': 'On different days. I woke up and his dirty spot was in his hand and then we heard a noise', 'labels': ['sadness', 'enjoyment', 'fear', 'anger'], 'scores': [0.2930835485458374, 0.25409170985221863, 0.23190143704414368, 0.22092323005199432]}"
NA0072-PC ,OKAY AND THEN WHAT HAPPENED,And then he got into bed,"{'sequence': 'On different days. I woke up and his dirty spot was in his hand and then we heard a noise. And then he got into bed', 'labels': ['sadness', 'anger', 'enjoyment', 'fear'], 'scores': [0.26139572262763977, 0.25851085782051086, 0.24157454073429108, 0.23851892352104187]}"
NA0072-PC ,HM-HM TELL ME ABOUT THE PART WHERE YOU SAID YOU HEARD A NOISE,We heard a noise and I think it was my aunty and uncle going to bed,"{'sequence': 'On different days. I woke up and his dirty spot was in his hand and then we heard a noise. And then he got into bed. We heard a noise and I think it was my aunty and uncle going to bed', 'labels': ['enjoyment', 'fear', 'sadness', 'anger'], 'scores': [0.37100696563720703, 0.2332044094800949, 0.19977203011512756, 0.19601666927337646]}"
NA0072-PC ,HM-HM AND DOES ANYONE ELSE APART FROM MUM KNOW THAT CALLUM HAD PUT HIS DIRTY SPOT IN YOUR BOTTOM,No,"{'sequence': 'On different days. I woke up and his dirty spot was in his hand and then we heard a noise. And then he got into bed. We heard a noise and I think it was my aunty and uncle going to bed. No', 'labels': ['enjoyment', 'sadness', 'anger', 'fear'], 'scores': [0.2983747124671936, 0.26051074266433716, 0.22667057812213898, 0.21444402635097504]}"
NA0072-PC ,OKAY SO WHERE WERE YOUR AUNTY AND UNCLE WHEN CALLUM PUT HIS DIRTY SPOT IN YOUR BOTTOM,I think they were asleep,"{'sequence': 'On different days. I woke up and his dirty spot was in his hand and then we heard a noise. And then he got into bed. We heard a noise and I think it was my aunty and uncle going to bed. No. I think they were asleep', 'labels': ['enjoyment', 'sadness', 'fear', 'anger'], 'scores': [0.2856750786304474, 0.25901806354522705, 0.2389383763074875, 0.21636851131916046]}"
NA0072-PC ,OKAY AND HAS CALLUM EVER SAID ANYTHING TO YOU ABOUT PUTTING HIS DIRTY SPOT IN YOUR BOTTOM,No,"{'sequence': 'On different days. I woke up and his dirty spot was in his hand and then we heard a noise. And then he got into bed. We heard a noise and I think it was my aunty and uncle going to bed. No. I think they were asleep. No', 'labels': ['sadness', 'enjoyment', 'fear', 'anger'], 'scores': [0.2699565291404724, 0.26976245641708374, 0.24276725947856903, 0.2175137847661972]}"
NA0085-PC,UP TO YOUR CHIN ALL RIGHT SO TELL ME ABOUT THE BIT WHEN HE TICKLES YOUR MINI HOW LONG DOES HE DO THIS FOR,A long time,"{'sequence': 'A long time', 'labels': ['enjoyment', 'anger', 'fear', 'sadness'], 'scores': [0.27508530020713806, 0.2504008412361145, 0.2405044585466385, 0.23400945961475372]}"
NA0085-PC,A LONG TIME WHAT DOES IT FEEL LIKE,A bit yucky,"{'sequence': 'A long time. A bit yucky', 'labels': ['sadness', 'anger', 'fear', 'enjoyment'], 'scores': [0.38972043991088867, 0.25629109144210815, 0.23958750069141388, 0.1144009605050087]}"
NA0085-PC,OKAY ALL RIGHT WHEN THIS HAPPENS WHERE‚ÄôS MUM,She's at work,"{'sequence': ""A long time. A bit yucky. She's at work"", 'labels': ['sadness', 'fear', 'anger', 'enjoyment'], 'scores': [0.5653169751167297, 0.20762155950069427, 0.1578558087348938, 0.06920557469129562]}"
NA0085-PC,HM-HM I WANT TO FIND OUT A BIT MORE ABOUT WHERE THIS HAPPENED WHERE DO YOU HAVE YOUR BATH,In the bathroom in the big one,"{'sequence': ""A long time. A bit yucky. She's at work. In the bathroom in the big one"", 'labels': ['sadness', 'fear', 'anger', 'enjoyment'], 'scores': [0.479449987411499, 0.26371490955352783, 0.1751350313425064, 0.08170005679130554]}"
NA0085-PC,IN THE BIG BATHROOM OKAY SO I KNOW A LITTLE BIT ABOUT YOUR FAMILY BUT CAN YOU TELL ME A BIT MORE ABOUT YOUR FAMILY I KNOW YOU‚ÄôVE GOT A MUM AND STEPHEN CAN YOU TELL ME MORE ABOUT YOUR FAMILY,Yes,"{'sequence': ""A long time. A bit yucky. She's at work. In the bathroom in the big one. Yes"", 'labels': ['sadness', 'fear', 'anger', 'enjoyment'], 'scores': [0.5066652297973633, 0.24744580686092377, 0.17540781199932098, 0.07048118859529495]}"
NA0085-PC,TELL ME WHO‚ÄôS IN YOUR FAMILY,My real dad but he doesn't live with us and then we have one dog,"{'sequence': ""A long time. A bit yucky. She's at work. In the bathroom in the big one. Yes. My real dad but he doesn't live with us and then we have one dog"", 'labels': ['sadness', 'fear', 'anger', 'enjoyment'], 'scores': [0.5296093821525574, 0.2230043113231659, 0.1326395720243454, 0.11474671959877014]}"
NA0085-PC,OH OKAY SO THERE‚ÄôS MUM AND STEPHEN AND YOU HAVE ONE DOG,Hm-hm,"{'sequence': ""A long time. A bit yucky. She's at work. In the bathroom in the big one. Yes. My real dad but he doesn't live with us and then we have one dog. Hm-hm"", 'labels': ['sadness', 'fear', 'anger', 'enjoyment'], 'scores': [0.5202744007110596, 0.2191052883863449, 0.13507254421710968, 0.12554781138896942]}"
NA0023-PC,OKAY SO WHEN YOU SAY HE WIPED CAN YOU DESCRIBE TO ME HOW HE DID THAT,He just wiped the wee,"{'sequence': 'He just wiped the wee', 'labels': ['enjoyment', 'sadness', 'fear', 'anger'], 'scores': [0.3381199836730957, 0.2541225254535675, 0.24281887710094452, 0.1649385541677475]}"
NA0023-PC,HM-HM DID HE USE ANYTHING,Yeah,"{'sequence': 'He just wiped the wee. Yeah', 'labels': ['enjoyment', 'sadness', 'fear', 'anger'], 'scores': [0.46861425042152405, 0.25319501757621765, 0.15482434630393982, 0.1233663260936737]}"
NA0023-PC,WHAT WAS THAT,Just his fingers,"{'sequence': 'He just wiped the wee. Yeah. Just his fingers', 'labels': ['enjoyment', 'sadness', 'fear', 'anger'], 'scores': [0.5734695792198181, 0.19463707506656647, 0.13304680585861206, 0.09884652495384216]}"
NA0023-PC,OKAY AND THEN WHAT HAPPENED,And then I started crying,"{'sequence': 'And then I started crying', 'labels': ['sadness', 'fear', 'enjoyment', 'anger'], 'scores': [0.6957384943962097, 0.18588286638259888, 0.08444834500551224, 0.03393027186393738]}"
NA0023-PC,HM-HM,And then he ran away,"{'sequence': 'And then I started crying. And then he ran away', 'labels': ['sadness', 'fear', 'enjoyment', 'anger'], 'scores': [0.7438817620277405, 0.1832791566848755, 0.041764914989471436, 0.031074246391654015]}"
NA0023-PC,HE RAN AWAY,Yeah,"{'sequence': 'And then I started crying. And then he ran away. Yeah', 'labels': ['sadness', 'fear', 'enjoyment', 'anger'], 'scores': [0.7489166259765625, 0.16680529713630676, 0.05329560488462448, 0.030982457101345062]}"
NA0023-PC,OKAY SO YOU MENTIONED BEFORE THAT HE SAID HE HAD TO HELP YOU CAN YOU TELL ME MORE ABOUT THAT,Yeah,"{'sequence': 'And then I started crying. And then he ran away. Yeah. Yeah', 'labels': ['sadness', 'fear', 'enjoyment', 'anger'], 'scores': [0.7600982785224915, 0.1573415845632553, 0.055102284997701645, 0.027457846328616142]}"
NA0064-PC,OKAY IS THERE ANYTHING ELSE YOU WANT TO TELL ME,No,"{'sequence': 'No', 'labels': ['fear', 'anger', 'sadness', 'enjoyment'], 'scores': [0.33572548627853394, 0.270730584859848, 0.2609308362007141, 0.13261301815509796]}"
NA0064-PC,NO ARE YOU FEELING SAFE AT SCHOOL,Yes,"{'sequence': 'No. Yes', 'labels': ['enjoyment', 'fear', 'anger', 'sadness'], 'scores': [0.33179378509521484, 0.30739912390708923, 0.20140039920806885, 0.15940669178962708]}"
NA0064-PC,YES WHAT MAKES YOU FEEL SAFE,My friends are really nice,"{'sequence': 'My friends are really nice', 'labels': ['enjoyment', 'fear', 'anger', 'sadness'], 'scores': [0.8553997874259949, 0.06837204843759537, 0.0442747138440609, 0.031953513622283936]}"
NA0064-PC,FRIENDS ARE NICE,The teachers were nice,"{'sequence': 'The teachers were nice', 'labels': ['enjoyment', 'fear', 'anger', 'sadness'], 'scores': [0.8761142492294312, 0.054855335503816605, 0.03801925107836723, 0.03101116605103016]}"
NA0064-PC,TEACHERS ARE NICE OKAY IS THERE ANYTHING THAT MAKES YOU FEEL UNSAFE,Yes,"{'sequence': 'The teachers were nice. Yes', 'labels': ['enjoyment', 'fear', 'anger', 'sadness'], 'scores': [0.89705890417099, 0.04564734175801277, 0.031983304768800735, 0.02531047724187374]}"
NA0064-PC,YEAH WHAT MAKES YOU FEEL UNSAFE,When Sam makes us go into the toilet,"{'sequence': 'The teachers were nice. Yes. When Sam makes us go into the toilet', 'labels': ['enjoyment', 'fear', 'anger', 'sadness'], 'scores': [0.5017735958099365, 0.24515607953071594, 0.1523771584033966, 0.10069311410188675]}"
NA0064-PC,OKAY HOW DOES HE MAKE YOU,I don't know,"{'sequence': ""The teachers were nice. Yes. When Sam makes us go into the toilet. I don't know"", 'labels': ['enjoyment', 'fear', 'anger', 'sadness'], 'scores': [0.38484808802604675, 0.2781839370727539, 0.196824848651886, 0.14014311134815216]}"
NA0080-PC,HM-HM,And when I got there we were playing under the sprinkler,"{'sequence': 'And when I got there we were playing under the sprinkler', 'labels': ['enjoyment', 'fear', 'anger', 'sadness'], 'scores': [0.9207311868667603, 0.03472791239619255, 0.025978220626711845, 0.01856260746717453]}"
NA0080-PC,OKAY SO YOU WERE PLAYING UNDER THE SPRINKLER AND WAS THAT WITH JANET,Yeah,"{'sequence': 'And when I got there we were playing under the sprinkler. Yeah', 'labels': ['enjoyment', 'fear', 'anger', 'sadness'], 'scores': [0.9044104814529419, 0.038396403193473816, 0.03603234514594078, 0.02116074226796627]}"
NA0080-PC,AND WHAT HAPPENED NEXT,Then her grandfather came out and started spraying us with the hose,"{'sequence': 'And when I got there we were playing under the sprinkler. Yeah. Then her grandfather came out and started spraying us with the hose', 'labels': ['enjoyment', 'anger', 'fear', 'sadness'], 'scores': [0.7903671860694885, 0.09065894037485123, 0.07741401344537735, 0.041559793055057526]}"
NA0080-PC,OKAY AND WHAT HAPPENED AFTER THAT,And then he asked us if we wanted to go in the spa,"{'sequence': 'And then he asked us if we wanted to go in the spa', 'labels': ['enjoyment', 'fear', 'anger', 'sadness'], 'scores': [0.7655333280563354, 0.09828075021505356, 0.0772220641374588, 0.05896387994289398]}"
NA0080-PC,OKAY SO HE ASKED YOU IF YOU WANTED TO GO INTO THE SPA AND THEN WHAT HAPPENED AFTER THAT,We're only allowed to go in the spa with an adult,"{'sequence': ""And then he asked us if we wanted to go in the spa. We're only allowed to go in the spa with an adult"", 'labels': ['enjoyment', 'fear', 'anger', 'sadness'], 'scores': [0.5859248638153076, 0.18411996960639954, 0.12630297243595123, 0.10365217179059982]}"
NA0080-PC,HM-HM,So the three of us went in together,"{'sequence': ""And then he asked us if we wanted to go in the spa. We're only allowed to go in the spa with an adult. So the three of us went in together"", 'labels': ['enjoyment', 'fear', 'anger', 'sadness'], 'scores': [0.5444881916046143, 0.2007293701171875, 0.15471935272216797, 0.1000630185008049]}"
NA0080-PC,OKAY SO WHAT HAPPENED AFTER YOU WENT INTO THE SPA WITH JANET AND HER GRANDFATHER,Janet and I were splashing each other,"{'sequence': 'Janet and I were splashing each other', 'labels': ['enjoyment', 'anger', 'fear', 'sadness'], 'scores': [0.7766647934913635, 0.1631976068019867, 0.04532342404127121, 0.014814136549830437]}"
NA0100-PC,ONE TIME OKAY CAN YOU TELL ME EVERYTHING ABOUT WHAT HAPPENED WHEN YOUR NEIGHBOUR HURT YOUR PEE-PEE START FROM THE BEGINNING,Yeah,"{'sequence': 'Yeah', 'labels': ['enjoyment', 'anger', 'fear', 'sadness'], 'scores': [0.5612317323684692, 0.17821335792541504, 0.15688201785087585, 0.10367293655872345]}"
NA0100-PC,OKAY SO TELL ME EVERYTHING ABOUT WHAT HAPPENED WHEN YOUR NEIGHBOUR HURT YOUR PEE-PEE,I play hide and seek with him,"{'sequence': 'I play hide and seek with him', 'labels': ['enjoyment', 'fear', 'sadness', 'anger'], 'scores': [0.8524042963981628, 0.09730076789855957, 0.02555238828063011, 0.02474259026348591]}"
NA0100-PC,HM-HM,And we play after school,"{'sequence': 'And we play after school', 'labels': ['enjoyment', 'anger', 'fear', 'sadness'], 'scores': [0.9115231037139893, 0.034831296652555466, 0.03481941297650337, 0.018826207146048546]}"
NA0100-PC,OKAY,And he comes over to my house,"{'sequence': 'And we play after school. And he comes over to my house', 'labels': ['enjoyment', 'fear', 'anger', 'sadness'], 'scores': [0.8774764537811279, 0.049251262098550797, 0.03846215829253197, 0.03481009230017662]}"
NA0100-PC,OKAY YOUR HOUSE,And he came over when his mum was at work,"{'sequence': 'And we play after school. And he comes over to my house. And he came over when his mum was at work', 'labels': ['enjoyment', 'fear', 'anger', 'sadness'], 'scores': [0.8743960857391357, 0.049952324479818344, 0.04195109382271767, 0.033700477331876755]}"
NA0100-PC,OKAY SO TELL ME MORE SORRY I‚ÄôLL START AGAIN SO WHAT ELSE HAPPENED WHEN YOUR NEIGHBOUR HURT YOUR PEE-PEE,I like hiding first because I'm really good at  hiding,"{'sequence': ""I like hiding first because I'm really good at  hiding"", 'labels': ['enjoyment', 'fear', 'anger', 'sadness'], 'scores': [0.8147417902946472, 0.11840782314538956, 0.03523441031575203, 0.03161592409014702]}"
NA0100-PC,SO CAN YOU TELL ME THAT AGAIN YOU HIDE,First because I'm really good at hiding,"{'sequence': ""First because I'm really good at hiding"", 'labels': ['fear', 'sadness', 'anger', 'enjoyment'], 'scores': [0.7304906845092773, 0.10740654915571213, 0.082302026450634, 0.07980071008205414]}"
NA0092-PC,YOU DON‚ÄôT LIVE WITH HIM SO DID SOMETHING HAPPEN TO YOU ON THE WEEKEND,Yes,"{'sequence': 'Yes', 'labels': ['enjoyment', 'fear', 'anger', 'sadness'], 'scores': [0.576476514339447, 0.16904708743095398, 0.16076235473155975, 0.09371398389339447]}"
NA0092-PC,CAN YOU TELL ME MORE ABOUT THAT,Yes,"{'sequence': 'Yes. Yes', 'labels': ['enjoyment', 'fear', 'anger', 'sadness'], 'scores': [0.5995288491249084, 0.16179031133651733, 0.15544742345809937, 0.08323338627815247]}"
NA0092-PC,SO WHAT SORT OF THING HAPPENED,He hurt me,"{'sequence': 'Yes. Yes. He hurt me', 'labels': ['sadness', 'fear', 'anger', 'enjoyment'], 'scores': [0.41874074935913086, 0.2940063178539276, 0.2632685899734497, 0.023984378203749657]}"
NA0092-PC,HE HURT YOU AND CAN YOU TEL ME HOW HE HURT YOU,Yes,"{'sequence': 'Yes. Yes. He hurt me. Yes', 'labels': ['sadness', 'fear', 'anger', 'enjoyment'], 'scores': [0.4190917909145355, 0.3093101680278778, 0.2516120970249176, 0.019985932856798172]}"
NA0092-PC,AND CAN YOU EXPLAIN,Yes,"{'sequence': 'Yes. Yes. He hurt me. Yes. Yes', 'labels': ['sadness', 'fear', 'anger', 'enjoyment'], 'scores': [0.41722211241722107, 0.3061867952346802, 0.25610679388046265, 0.020484302192926407]}"
NA0092-PC,HM,He just hurt me,"{'sequence': 'Yes. Yes. He hurt me. Yes. Yes. He just hurt me', 'labels': ['fear', 'anger', 'sadness', 'enjoyment'], 'scores': [0.3061314821243286, 0.27928030490875244, 0.2755923271179199, 0.13899587094783783]}"
NA0092-PC,PARDON,He just hurt me,"{'sequence': 'Yes. Yes. He hurt me. Yes. Yes. He just hurt me. He just hurt me', 'labels': ['fear', 'anger', 'sadness', 'enjoyment'], 'scores': [0.2722223997116089, 0.2677944600582123, 0.25533628463745117, 0.20464688539505005]}"
NA0007-PC ,SO IT WAS JUST YOU AND CALLUM,Yeah,"{'sequence': 'Yeah', 'labels': ['enjoyment', 'anger', 'fear', 'sadness'], 'scores': [0.5612317323684692, 0.17821335792541504, 0.15688201785087585, 0.10367293655872345]}"
NA0007-PC ,AND YOU TOLD ME THAT IT HURT YEAH,Hm-hm,"{'sequence': 'Yeah. Hm-hm', 'labels': ['enjoyment', 'anger', 'fear', 'sadness'], 'scores': [0.5008094906806946, 0.19017717242240906, 0.18688826262950897, 0.1221250519156456]}"
NA0007-PC ,AND I‚ÄôM REALLY SORRY THAT THAT‚ÄôS HAPPENED YEAH AND DID YOU SPEAK TO ANYBODY ABOUT WHAT HAS HAPPENED,Yeah,"{'sequence': 'Yeah. Hm-hm. Yeah', 'labels': ['enjoyment', 'anger', 'fear', 'sadness'], 'scores': [0.5245057940483093, 0.18790516257286072, 0.17572884261608124, 0.11186022311449051]}"
NA0007-PC ,YEAH WHO DID YOU SPEAK TO,My mum,"{'sequence': 'Yeah. Hm-hm. Yeah. My mum', 'labels': ['enjoyment', 'fear', 'anger', 'sadness'], 'scores': [0.47483423352241516, 0.18481692671775818, 0.1755187213420868, 0.16483014822006226]}"
NA0007-PC ,YOU SPOKE TO YOUR MUM CAN YOU REMEMBER WHEN YOU SPOKE TO MUM,Yeah,"{'sequence': 'Yeah. Hm-hm. Yeah. My mum. Yeah', 'labels': ['enjoyment', 'sadness', 'fear', 'anger'], 'scores': [0.49599555134773254, 0.1931929737329483, 0.15874338150024414, 0.15206803381443024]}"
NA0007-PC ,YEAH WHEN WAS THAT,Just when she picked me up in the morning,"{'sequence': 'Yeah. Hm-hm. Yeah. My mum. Yeah. Just when she picked me up in the morning', 'labels': ['enjoyment', 'sadness', 'fear', 'anger'], 'scores': [0.47374239563941956, 0.2328433394432068, 0.14900417625904083, 0.1444101780653]}"
NA0007-PC ,OKAY SO IT WAS THE NEXT DAY,Hm-hm,"{'sequence': 'Yeah. Hm-hm. Yeah. My mum. Yeah. Just when she picked me up in the morning. Hm-hm', 'labels': ['enjoyment', 'sadness', 'fear', 'anger'], 'scores': [0.5275503396987915, 0.17964021861553192, 0.14805468916893005, 0.14475472271442413]}"
NA0040-PC,OKAY DID YOU SAY ANYTHING TO THE LADY,No,"{'sequence': 'No', 'labels': ['fear', 'anger', 'sadness', 'enjoyment'], 'scores': [0.33572548627853394, 0.270730584859848, 0.2609308362007141, 0.13261301815509796]}"
NA0040-PC,NO SO WHEN SHE ASKED IF YOU‚ÄôRE OKAY YOU DIDN‚ÄôT SAY ANYTHING TO HER,No,"{'sequence': 'No. No', 'labels': ['anger', 'fear', 'enjoyment', 'sadness'], 'scores': [0.28846701979637146, 0.2815108895301819, 0.2533639967441559, 0.17665812373161316]}"
NA0040-PC,NO OKAY SO WHAT DID YOU DO AFTER THAT,I went back to Mum,"{'sequence': 'No. No. I went back to Mum', 'labels': ['fear', 'anger', 'sadness', 'enjoyment'], 'scores': [0.3698117434978485, 0.2665330469608307, 0.21484801173210144, 0.1488071084022522]}"
NA0040-PC,YOU WENT BACK TO YOUR MUM OKAY AND DID YOU TELL YOUR MUM WHAT HAPPENED,Yeah,"{'sequence': 'No. No. I went back to Mum. Yeah', 'labels': ['fear', 'sadness', 'anger', 'enjoyment'], 'scores': [0.3435942232608795, 0.2910921573638916, 0.21902482211589813, 0.14628879725933075]}"
NA0040-PC,YEAH CAN YOU REMEMBER WHAT YOU SAID TO YOUR MUM,Yeah,"{'sequence': 'No. No. I went back to Mum. Yeah. Yeah', 'labels': ['fear', 'sadness', 'enjoyment', 'anger'], 'scores': [0.2835487127304077, 0.28339847922325134, 0.24656075239181519, 0.18649213016033173]}"
NA0040-PC,YEAH WHAT DID YOU SAY,I told her I was scared going to the toilet,"{'sequence': 'I told her I was scared going to the toilet', 'labels': ['fear', 'sadness', 'anger', 'enjoyment'], 'scores': [0.9793558120727539, 0.012949756346642971, 0.004330713767558336, 0.0033636814914643764]}"
NA0040-PC,OKAY AND WHAT JESSICA DO YOU REMEMBER WHAT YOU WERE WEARING WHEN YOU WENT TO THE TOILET,Hm-hm,"{'sequence': 'I told her I was scared going to the toilet. Hm-hm', 'labels': ['fear', 'sadness', 'anger', 'enjoyment'], 'scores': [0.9751865267753601, 0.015793219208717346, 0.00524655869230628, 0.003773700213059783]}"
