transcript_Id,Interviewer,Child,Sentiment (window size 7 / no threshold)
NA0098-PC,YOUR COUSIN,He's 12 and he has blond hair and he's my only cousin,"(['fear', 'enjoyment', 'sadness', 'anger'], tensor([0.5316, 0.5438, 0.5472, 0.5195], grad_fn=<DivBackward0>))"
NA0098-PC,OKAY WHAT SORT OF THINGS DO YOU LIKE TO DO WITH YOUR COUSIN,Sometimes I stay at his house,"(['fear', 'enjoyment', 'sadness', 'anger'], tensor([0.5555, 0.5623, 0.5661, 0.5503], grad_fn=<DivBackward0>))"
NA0098-PC,OKAY,And sometimes we play on the computer,"(['fear', 'enjoyment', 'sadness', 'anger'], tensor([0.5441, 0.5494, 0.5527, 0.5395], grad_fn=<DivBackward0>))"
NA0098-PC,OKAY TELL ME ALL ABOUT STAYING AT YOUR COUSIN‚ÄôS HOUSE,He has a single bed and I stay on the blow-up mattress,"(['fear', 'enjoyment', 'sadness', 'anger'], tensor([0.5528, 0.5561, 0.5580, 0.5496], grad_fn=<DivBackward0>))"
NA0098-PC,OKAY AND YOU STAY ON THE BLOW-UP MATTRESS OKAY TELL ME ABOUT THE LAST TIME YU STAYED AT YOUR COUSIN‚ÄôS HOUSE,He woke me up in the middle of the night,"(['fear', 'enjoyment', 'sadness', 'anger'], tensor([0.5675, 0.5698, 0.5707, 0.5654], grad_fn=<DivBackward0>))"
NA0098-PC,SORRY HE WOKE YOU UP IN THE MIDDLE OF THE NIGHT,Yeah,"(['fear', 'enjoyment', 'sadness', 'anger'], tensor([0.5518, 0.5543, 0.5551, 0.5500], grad_fn=<DivBackward0>))"
NA0098-PC,YEAH OKAY AND WHAT HAPPENED,And then he pulled my pants down,"(['fear', 'enjoyment', 'sadness', 'anger'], tensor([0.5371, 0.5392, 0.5399, 0.5353], grad_fn=<DivBackward0>))"
NA0020-PC,OKAY AND WHAT HAPPENED NEXT,And then he showed me some rude people on the computer,"(['fear', 'enjoyment', 'sadness', 'anger'], tensor([0.5923, 0.5998, 0.6077, 0.5830], grad_fn=<DivBackward0>))"
NA0020-PC,ON THE COMPUTER YEAH,Yeah,"(['fear', 'enjoyment', 'sadness', 'anger'], tensor([0.5882, 0.6006, 0.6034, 0.5812], grad_fn=<DivBackward0>))"
NA0020-PC,OKAY AND THIS IS IN THE LOUNGE ROOM OF HIS HOUSE,Yeah,"(['fear', 'enjoyment', 'sadness', 'anger'], tensor([0.5793, 0.5869, 0.5896, 0.5744], grad_fn=<DivBackward0>))"
NA0020-PC,OKAY WHEN YOU SAY SOME RUDE PEOPLE WHAT WERE THE PICTURES,Naked people,"(['fear', 'enjoyment', 'sadness', 'anger'], tensor([0.5491, 0.5542, 0.5568, 0.5450], grad_fn=<DivBackward0>))"
NA0020-PC,NAKED AND WHAT WERE THEY DOING,Touching each other's privates,"(['fear', 'enjoyment', 'sadness', 'anger'], tensor([0.5384, 0.5429, 0.5448, 0.5349], grad_fn=<DivBackward0>))"
NA0020-PC,OKAY SO LET ME JUST GO OVER WHAT YOU TOLD ME YOU SAID THAT YOU WERE IN HIS LOUNGE ROOM AND YOU WERE HE WAS ON HIS COMPUTER AND WHERE WERE YOU SITTING,I wasn't sitting,"(['fear', 'enjoyment', 'sadness', 'anger'], tensor([0.5425, 0.5460, 0.5465, 0.5407], grad_fn=<DivBackward0>))"
NA0020-PC,OKAY SO WHERE WERE YOU WHEN HE WAS ON HIS COMPUTER WHERE WERE YOU,Standing next to him,"(['fear', 'enjoyment', 'sadness', 'anger'], tensor([0.5436, 0.5462, 0.5465, 0.5420], grad_fn=<DivBackward0>))"
NA0016-M6,HM-HM,And he was angry because his dinner was cold,"(['fear', 'enjoyment', 'sadness', 'anger'], tensor([0.6087, 0.6154, 0.6300, 0.5943], grad_fn=<DivBackward0>))"
NA0016-M6,WHAT HAPPENED THEN,Then he just was throwing his spaghetti at the wall and the plate smashed everywhere,"(['fear', 'enjoyment', 'sadness', 'anger'], tensor([0.5626, 0.5686, 0.5727, 0.5574], grad_fn=<DivBackward0>))"
NA0016-M6,THE PLATE SMASHED EVERYWHERE,Yeah and it made this big red mark on the wall,"(['fear', 'enjoyment', 'sadness', 'anger'], tensor([0.5419, 0.5469, 0.5511, 0.5376], grad_fn=<DivBackward0>))"
NA0016-M6,HM WHAT ELSE HAPPENED,Then that was when he was just being nasty and saying mean things,"(['fear', 'enjoyment', 'sadness', 'anger'], tensor([0.5411, 0.5450, 0.5480, 0.5378], grad_fn=<DivBackward0>))"
NA0016-M6,HM-HM,And that was the part where he hurt Mum,"(['fear', 'enjoyment', 'sadness', 'anger'], tensor([0.5424, 0.5453, 0.5477, 0.5396], grad_fn=<DivBackward0>))"
NA0016-M6,TELL ME MORE ABOUT THE PART WHERE HE‚ÄôS HURT YOUR MUM,He just hurt her and she fell down on the ground,"(['fear', 'enjoyment', 'sadness', 'anger'], tensor([0.5452, 0.5478, 0.5495, 0.5433], grad_fn=<DivBackward0>))"
NA0016-M6,HM-HM,And she wasn't moving,"(['fear', 'enjoyment', 'sadness', 'anger'], tensor([0.5448, 0.5473, 0.5487, 0.5431], grad_fn=<DivBackward0>))"
NA0072-PC,OKAY YOU SAID THAT THAT HAPPENED MORE THAN ONE TIME DID IT HAPPEN MORE THAN ONE TIME ON DIFFERENT DAYS OR MORE THAN ONE TIME ON THE SAME DAY,On different days,"(['fear', 'enjoyment', 'sadness', 'anger'], tensor([0.5501, 0.5605, 0.5605, 0.5439], grad_fn=<DivBackward0>))"
NA0072-PC,OKAY TELL ME ABOUT ANOTHER TIME THAT YOU CAN REMEMBER,I woke up and his dirty spot was in his hand and then we heard a noise,"(['fear', 'enjoyment', 'sadness', 'anger'], tensor([0.5999, 0.6045, 0.6050, 0.5970], grad_fn=<DivBackward0>))"
NA0072-PC,OKAY AND THEN WHAT HAPPENED,And then he got into bed,"(['fear', 'enjoyment', 'sadness', 'anger'], tensor([0.5911, 0.5951, 0.5951, 0.5886], grad_fn=<DivBackward0>))"
NA0072-PC,HM-HM TELL ME ABOUT THE PART WHERE YOU SAID YOU HEARD A NOISE,We heard a noise and I think it was my aunty and uncle going to bed,"(['fear', 'enjoyment', 'sadness', 'anger'], tensor([0.5787, 0.5818, 0.5818, 0.5768], grad_fn=<DivBackward0>))"
NA0072-PC,HM-HM AND DOES ANYONE ELSE APART FROM MUM KNOW THAT CALLUM HAD PUT HIS DIRTY SPOT IN YOUR BOTTOM,No,"(['fear', 'enjoyment', 'sadness', 'anger'], tensor([0.5642, 0.5664, 0.5665, 0.5624], grad_fn=<DivBackward0>))"
NA0072-PC,OKAY SO WHERE WERE YOUR AUNTY AND UNCLE WHEN CALLUM PUT HIS DIRTY SPOT IN YOUR BOTTOM,I think they were asleep,"(['fear', 'enjoyment', 'sadness', 'anger'], tensor([0.5560, 0.5580, 0.5581, 0.5546], grad_fn=<DivBackward0>))"
NA0072-PC,OKAY AND HAS CALLUM EVER SAID ANYTHING TO YOU ABOUT PUTTING HIS DIRTY SPOT IN YOUR BOTTOM,No,"(['fear', 'enjoyment', 'sadness', 'anger'], tensor([0.5508, 0.5524, 0.5526, 0.5494], grad_fn=<DivBackward0>))"
NA0085-PC,UP TO YOUR CHIN ALL RIGHT SO TELL ME ABOUT THE BIT WHEN HE TICKLES YOUR MINI HOW LONG DOES HE DO THIS FOR,A long time,"(['fear', 'enjoyment', 'sadness', 'anger'], tensor([0.6018, 0.6092, 0.6103, 0.5958], grad_fn=<DivBackward0>))"
NA0085-PC,A LONG TIME WHAT DOES IT FEEL LIKE,A bit yucky,"(['fear', 'enjoyment', 'sadness', 'anger'], tensor([0.5992, 0.6045, 0.6071, 0.5935], grad_fn=<DivBackward0>))"
NA0085-PC,OKAY ALL RIGHT WHEN THIS HAPPENS WHERE‚ÄôS MUM,She's at work,"(['fear', 'enjoyment', 'sadness', 'anger'], tensor([0.5883, 0.5924, 0.5938, 0.5846], grad_fn=<DivBackward0>))"
NA0085-PC,HM-HM I WANT TO FIND OUT A BIT MORE ABOUT WHERE THIS HAPPENED WHERE DO YOU HAVE YOUR BATH,In the bathroom in the big one,"(['fear', 'enjoyment', 'sadness', 'anger'], tensor([0.5936, 0.5968, 0.5971, 0.5911], grad_fn=<DivBackward0>))"
NA0085-PC,IN THE BIG BATHROOM OKAY SO I KNOW A LITTLE BIT ABOUT YOUR FAMILY BUT CAN YOU TELL ME A BIT MORE ABOUT YOUR FAMILY I KNOW YOU‚ÄôVE GOT A MUM AND STEPHEN CAN YOU TELL ME MORE ABOUT YOUR FAMILY,Yes,"(['fear', 'enjoyment', 'sadness', 'anger'], tensor([0.5714, 0.5737, 0.5740, 0.5696], grad_fn=<DivBackward0>))"
NA0085-PC,TELL ME WHO‚ÄôS IN YOUR FAMILY,My real dad but he doesn't live with us and then we have one dog,"(['fear', 'enjoyment', 'sadness', 'anger'], tensor([0.5703, 0.5721, 0.5724, 0.5688], grad_fn=<DivBackward0>))"
NA0085-PC,OH OKAY SO THERE‚ÄôS MUM AND STEPHEN AND YOU HAVE ONE DOG,Hm-hm,"(['fear', 'enjoyment', 'sadness', 'anger'], tensor([0.5432, 0.5451, 0.5454, 0.5419], grad_fn=<DivBackward0>))"
NA0023-PC,OKAY SO WHEN YOU SAY HE WIPED CAN YOU DESCRIBE TO ME HOW HE DID THAT,He just wiped the wee,"(['fear', 'enjoyment', 'sadness', 'anger'], tensor([0.5791, 0.5882, 0.5895, 0.5725], grad_fn=<DivBackward0>))"
NA0023-PC,HM-HM DID HE USE ANYTHING,Yeah,"(['fear', 'enjoyment', 'sadness', 'anger'], tensor([0.5846, 0.5931, 0.5928, 0.5802], grad_fn=<DivBackward0>))"
NA0023-PC,WHAT WAS THAT,Just his fingers,"(['fear', 'enjoyment', 'sadness', 'anger'], tensor([0.5763, 0.5826, 0.5835, 0.5716], grad_fn=<DivBackward0>))"
NA0023-PC,OKAY AND THEN WHAT HAPPENED,And then I started crying,"(['fear', 'enjoyment', 'sadness', 'anger'], tensor([0.5558, 0.5600, 0.5620, 0.5518], grad_fn=<DivBackward0>))"
NA0023-PC,HM-HM,And then he ran away,"(['fear', 'enjoyment', 'sadness', 'anger'], tensor([0.5463, 0.5494, 0.5505, 0.5429], grad_fn=<DivBackward0>))"
NA0023-PC,HE RAN AWAY,Yeah,"(['fear', 'enjoyment', 'sadness', 'anger'], tensor([0.5389, 0.5434, 0.5440, 0.5361], grad_fn=<DivBackward0>))"
NA0023-PC,OKAY SO YOU MENTIONED BEFORE THAT HE SAID HE HAD TO HELP YOU CAN YOU TELL ME MORE ABOUT THAT,Yeah,"(['fear', 'enjoyment', 'sadness', 'anger'], tensor([0.5607, 0.5639, 0.5643, 0.5586], grad_fn=<DivBackward0>))"
